,sample,original_sample,seq,operons
0,MH0006,MH0012,TCGAACATTTTTTCGG,"[75831, 136961]"
1,MH0006,MH0021,TCGAACATTTTTTCGG,"[75831, 136961]"
2,MH0006,MH0025,TCGAACATTTTTTCGG,"[75831, 136961]"
3,MH0006,MH0025,AAGAAAATATTTTCTA,[90596]
4,MH0006,MH0077,CCGAACATATTTTCGA,[146830]
5,MH0006,MH0083,ACAAACATTTGTTCGT,[138670]
6,MH0011,MH0011,ACAAACGTATGTGTCA,[62468]
7,MH0011,MH0020,ACAAACAAATGTTCGA,[47295]
8,MH0011,MH0025,ACAAACAAATGTTCGA,[47295]
9,MH0011,MH0065,TAGAAAGTAGTTTTGG,[48343]
10,MH0012,MH0006,TAGAAAAAAAGATCCA,[37796]
11,MH0012,MH0012,TCAAACATTTGTTCGT,[133823]
12,MH0012,MH0012,ACAAAAAGATGTTTTG,[113867]
13,MH0012,MH0012,ACATATATTTGTTCGT,[151582]
14,MH0012,MH0012,GCGAACAAATGTTCCT,[112140]
15,MH0012,MH0024,TAGAATAAATTTACGC,[61106]
16,MH0012,MH0035,AAAAAAATTTTTTCTT,[29489]
17,MH0012,MH0079,ACATATATTTGTTCGT,[151582]
18,MH0024,MH0002,GCAAACAAATGTTTGA,"[26805, 26805]"
19,MH0024,MH0012,TCAAACATTTGTTCGT,[23002]
20,MH0024,MH0012,ACAAACATTTGTTTGA,"[7491, 7491]"
21,MH0024,MH0012,ACAAACAATTGTTCGT,"[7491, 7491]"
22,MH0024,MH0012,GCAAACAAATGTTTGA,"[26805, 26805]"
23,MH0024,MH0070,TAGAAGATACTTTTGC,"[11204, 11202]"
24,MH0024,MH0079,ACAAACATTTGTTTGA,"[7491, 7491]"
25,MH0026,MH0016,GCAAACATATATTCCA,[32057]
26,MH0026,MH0026,TCAAACAATTTATCGA,[41143]
27,MH0026,MH0026,TAGAAAAAATATTTAA,[41143]
28,MH0026,MH0031,CCAAAAATATGTTCGA,[32057]
29,MH0026,MH0031,GCAAACATATATTCCA,[32057]
30,MH0026,MH0033,GCAAACATATATTCCA,[32057]
31,MH0026,MH0033,CCAAAAATATGTTCGA,[32057]
32,MH0026,MH0033,AAGAAAGCATTTTTTT,[14928]
33,MH0026,MH0040,CCAAAAATATGTTCGA,[32057]
34,MH0026,MH0040,GCAAACATATATTCCA,[32057]
35,MH0026,MH0065,GCAAACATATATTCCA,[32057]
36,MH0030,MH0033,AAGAAAGCATTTTTTT,[1493]
37,MH0035,MH0016,GCGAAAATATGTTCGA,"[3714, 3714]"
38,MH0035,MH0020,ACAAACATATGTTCTG,[44950]
39,MH0035,MH0082,ACAATCATTTGTTTGT,"[40776, 40780, 40780, 40780]"
40,MH0035,MH0084,ACAAACATATGTTCTG,[44950]
41,MH0038,MH0012,GCAAACATTTGTTTTA,[7001]
42,MH0038,MH0038,GCAAACAAGTGTTCGT,[5472]
43,MH0050,MH0011,GCAAACATATGTTCGG,[9929]
44,MH0054,MH0009,ACAAACAAATGTTTGA,"[23052, 23053]"
45,MH0054,MH0009,ACAAACAAATGTTTGA,"[23052, 23053]"
46,MH0054,MH0012,TCAAACATTTGTTCGT,"[18261, 18261]"
47,MH0054,MH0043,ACAAACAAATGTTTGA,"[23052, 23053]"
48,MH0054,MH0071,TCTAACATTTTTTCTT,[23872]
49,MH0055,MH0012,TAGCACATATGTTCTT,"[44739, 44739, 44743, 44743, 44743, 44743]"
50,MH0055,MH0019,ACAAACATACGTTCAG,"[44739, 44739, 44743, 44743, 44743, 44743]"
51,MH0059,MH0080,ACAAATATATGTTCGA,[33464]
52,MH0059,MH0080,ACAAACGCGTGTTCGG,[33464]
53,MH0059,MH0080,CCGAATAAATGTTCGA,[33464]
54,MH0059,MH0080,GCAAACAAATGTTCAA,[33464]
55,MH0060,MH0009,GCAAACAAATGTTTAT,[38580]
56,MH0065,MH0065,TAGTAAATGTTTTCTA,[2891]
57,MH0065,MH0065,TCAAACAAATGTTTAT,[2891]
58,MH0066,MH0033,AAGAAAGCATTTTTTT,[43675]
59,MH0069,MH0060,TAAAACAATTATTTTA,"[37159, 37165]"
60,MH0082,MH0081,GAGAAAATATATTCAT,[13687]
61,MH0086,MH0012,AAGAACATATGTTTGT,[76536]
62,MH0086,MH0025,ACAAACATACGTTCTT,[16938]
